sample_id	library	strain	nitrogen_source	replicate	raw_reads	raw_bases_G	gc_percent	fastq_r1	fastq_r2
KO41Gln1-LJJ17317	KO41Gln1-LJJ17317_L3	KO41	Gln	1	128898254	38.669	54.82	KO41Gln1-LJJ17317_L3_1.fq.gz	KO41Gln1-LJJ17317_L3_2.fq.gz
KO41Gln2-LJJ17318	KO41Gln2-LJJ17318_L3	KO41	Gln	2	143231986	42.97	55.02	KO41Gln2-LJJ17318_L3_1.fq.gz	KO41Gln2-LJJ17318_L3_2.fq.gz
KO41Gln3-LJJ17319	KO41Gln3-LJJ17319_L3	KO41	Gln	3	144601052	43.38	55.0	KO41Gln3-LJJ17319_L3_1.fq.gz	KO41Gln3-LJJ17319_L3_2.fq.gz
KO41NO1-LJJ17320	KO41NO1-LJJ17320_L3	KO41	NO	1	144862862	43.459	53.46	KO41NO1-LJJ17320_L3_1.fq.gz	KO41NO1-LJJ17320_L3_2.fq.gz
KO41NO2-LJJ17321	KO41NO2-LJJ17321_L3	KO41	NO	2	181847799	54.554	53.95	KO41NO2-LJJ17321_L3_1.fq.gz	KO41NO2-LJJ17321_L3_2.fq.gz
KO41NO3-LJJ17322	KO41NO3-LJJ17322_L3	KO41	NO	3	138606866	41.582	54.08	KO41NO3-LJJ17322_L3_1.fq.gz	KO41NO3-LJJ17322_L3_2.fq.gz
SN15Gln1-LJJ17311	SN15Gln1-LJJ17311_L3	SN15	Gln	1	174517578	52.355	54.81	SN15Gln1-LJJ17311_L3_1.fq.gz	SN15Gln1-LJJ17311_L3_2.fq.gz
SN15Gln2-LJJ17312	SN15Gln2-LJJ17312_L3	SN15	Gln	2	143258871	42.978	54.89	SN15Gln2-LJJ17312_L3_1.fq.gz	SN15Gln2-LJJ17312_L3_2.fq.gz
SN15Gln3-LJJ17313	SN15Gln3-LJJ17313_L3	SN15	Gln	3	168009198	50.403	54.79	SN15Gln3-LJJ17313_L3_1.fq.gz	SN15Gln3-LJJ17313_L3_2.fq.gz
SN15NO1-LJJ17314	SN15NO1-LJJ17314_L3	SN15	NO	1	131737745	39.521	54.77	SN15NO1-LJJ17314_L3_1.fq.gz	SN15NO1-LJJ17314_L3_2.fq.gz
SN15NO2-LJJ17315	SN15NO2-LJJ17315_L3	SN15	NO	2	146442157	43.933	54.69	SN15NO2-LJJ17315_L3_1.fq.gz	SN15NO2-LJJ17315_L3_2.fq.gz
SN15NO3-LJJ17316	SN15NO3-LJJ17316_L3	SN15	NO	3	157958297	47.387	54.5	SN15NO3-LJJ17316_L3_1.fq.gz	SN15NO3-LJJ17316_L3_2.fq.gz
