sample	pairs_in	pairs_out	kept%	Q30%	GC%	len_R1	lowqual%	adapt%
KO41Gln1-LJJ17317	128898254	128511301	99.70	98.15	54.80	149	0.29	2.19
KO41Gln2-LJJ17318	143231986	142762008	99.67	98.17	55.02	149	0.31	2.42
KO41Gln3-LJJ17319	144601052	144116726	99.67	98.11	54.98	149	0.32	2.18
KO41NO1-LJJ17320	144862862	144394255	99.68	98.16	53.44	149	0.31	2.79
KO41NO2-LJJ17321	181847799	181239643	99.67	98.10	53.93	149	0.32	2.43
KO41NO3-LJJ17322	138606866	138148570	99.67	98.05	54.06	149	0.32	2.34
SN15Gln1-LJJ17311	174517578	174006062	99.71	98.26	54.81	149	0.28	2.76
SN15Gln2-LJJ17312	143258871	142779374	99.67	98.17	54.88	149	0.32	2.33
SN15Gln3-LJJ17313	168009198	167520518	99.71	98.16	54.77	149	0.28	2.41
SN15NO1-LJJ17314	131737745	131329555	99.69	98.10	54.75	149	0.30	1.86
SN15NO2-LJJ17315	146442157	145972477	99.68	98.22	54.67	149	0.31	2.12
SN15NO3-LJJ17316	157958297	157493201	99.71	98.22	54.49	149	0.28	2.60
