sample	processed	pseudoaligned	pct_pseudoaligned	frag_len_mean	n_targets
KO41Gln1-LJJ17317	128511301	108473912	84.4	298.1	17764
KO41Gln2-LJJ17318	142762008	121466658	85.1	294.4	17764
KO41Gln3-LJJ17319	144116726	122644541	85.1	300.6	17764
KO41NO1-LJJ17320	144394255	118132536	81.8	302.3	17764
KO41NO2-LJJ17321	181239643	157325006	86.8	302.7	17764
KO41NO3-LJJ17322	138148570	118154208	85.5	306.1	17764
SN15Gln1-LJJ17311	174006062	148364689	85.3	290.4	17764
SN15Gln2-LJJ17312	142779374	124051860	86.9	299.2	17764
SN15Gln3-LJJ17313	167520518	143617185	85.7	298.4	17764
SN15NO1-LJJ17314	131329555	114382255	87.1	305.1	17764
SN15NO2-LJJ17315	145972477	127246228	87.2	299.9	17764
SN15NO3-LJJ17316	157493201	135314120	85.9	297.2	17764
